<?xml version="1.0"?>
<metadata>
<idinfo>
  <citation>
    <citeinfo>
      <origin>Alberta Energy Regulator</origin>
      <origin>Alberta Geological Survey</origin>
      <origin>Prior, G.J.</origin>
      <origin>Hathway, B.</origin>
      <origin>Glombick, P.M.</origin>
      <origin>Pana, D.I.</origin>
      <origin>Banks, C.J.</origin>
      <origin>Hay, D.C.</origin>
      <origin>Schneider, C.L.</origin>
      <origin>Grobe, M.</origin>
      <origin>Elgr, R.</origin>
      <origin>Weiss, J.A.</origin>
      <pubdate>201306</pubdate>
      <title>Bedrock Geology of Alberta, Structures (GIS data, line features)</title>
      <geoform>vector digital data</geoform>
      <serinfo>
        <sername>Digital Data</sername>
        <issue>DIG 2013-0021</issue>
      </serinfo>
      <pubinfo>
        <pubplace>Edmonton, Alberta, Canada</pubplace>
        <publish>Alberta Geological Survey</publish>
      </pubinfo>
      <onlink>http://www.ags.gov.ab.ca/publications/DIG/ZIP/DIG_2013_0021.zip</onlink>
    </citeinfo>
  </citation>
  <descript>
    <abstract>This GIS dataset is part of a digital compilation of the bedrock geology of Alberta. It is one of the datasets used to produce Alberta Geological Survey (AGS) Map 600. 
This dataset contains lines representing linear structural elements. In the Rocky Mountains and Foothills these include thrust faults, normal faults and transverse faults as well as the axes of folds (anticlines and synclines). In the Canadian Shield and the Athabasca Basin all faults are given the same symbol (i.e., fault, type unspecified).
The data were created in geodatabase format and output for public distribution in shapefile format.
AGS Open File Report 2013-02 presents additional information on data sources related to this dataset.</abstract>
    <purpose>To update the bedrock geology of Alberta on a provincial scale and to use this information in a geographic information system.</purpose>
    <supplinf>Language: In English.</supplinf>
  </descript>
  <timeperd>
    <timeinfo>
      <rngdates>
        <begdate>2010</begdate>
        <enddate>20130331</enddate>
      </rngdates>
    </timeinfo>
    <current>ground condition</current>
  </timeperd>
  <status>
    <progress>Complete</progress>
    <update>None planned</update>
  </status>
  <spdom>
    <bounding>
      <westbc>-119.999997</westbc>
      <eastbc>-110.007235</eastbc>
      <northbc>59.999813</northbc>
      <southbc>48.998119</southbc>
    </bounding>
  </spdom>
  <keywords>
    <theme>
      <themekt>none</themekt>
      <themekey>athabasca basin</themekey>
      <themekey>bedrock geology</themekey>
      <themekey>fault</themekey>
      <themekey>geology</themekey>
      <themekey>gis data</themekey>
      <themekey>structural</themekey>
      <themekey>thrust fault</themekey>
    </theme>
    <theme>
      <themekt>ISO 19115 Topic Category</themekt>
      <themekey>geoscientificInformation</themekey>
    </theme>
    <place>
      <placekt>none</placekt>
      <placekey>72e</placekey>
      <placekey>72l</placekey>
      <placekey>72m</placekey>
      <placekey>73d</placekey>
      <placekey>73e</placekey>
      <placekey>73l</placekey>
      <placekey>73m</placekey>
      <placekey>74d</placekey>
      <placekey>74e</placekey>
      <placekey>74l</placekey>
      <placekey>74m</placekey>
      <placekey>82g</placekey>
      <placekey>82h</placekey>
      <placekey>82i</placekey>
      <placekey>82j</placekey>
      <placekey>82n</placekey>
      <placekey>82o</placekey>
      <placekey>82p</placekey>
      <placekey>83a</placekey>
      <placekey>83b</placekey>
      <placekey>83c</placekey>
      <placekey>83d</placekey>
      <placekey>83e</placekey>
      <placekey>83f</placekey>
      <placekey>83g</placekey>
      <placekey>83h</placekey>
      <placekey>83i</placekey>
      <placekey>83j</placekey>
      <placekey>83k</placekey>
      <placekey>83l</placekey>
      <placekey>83m</placekey>
      <placekey>83n</placekey>
      <placekey>83o</placekey>
      <placekey>83p</placekey>
      <placekey>84a</placekey>
      <placekey>84b</placekey>
      <placekey>84c</placekey>
      <placekey>84d</placekey>
      <placekey>84e</placekey>
      <placekey>84f</placekey>
      <placekey>84g</placekey>
      <placekey>84h</placekey>
      <placekey>84i</placekey>
      <placekey>84j</placekey>
      <placekey>84k</placekey>
      <placekey>84l</placekey>
      <placekey>84m</placekey>
      <placekey>84n</placekey>
      <placekey>84o</placekey>
      <placekey>84p</placekey>
      <placekey>alberta</placekey>
      <placekey>canada</placekey>
    </place>
  </keywords>
  <accconst>Public</accconst>
  <useconst>Credit to originator/source required. Commercial reproduction not allowed.</useconst>
  <ptcontac>
    <cntinfo>
      <cntorgp>
        <cntorg>Alberta Geological Survey</cntorg>
        <cntper>Publications and Marketing Advisor</cntper>
      </cntorgp>
      <cntpos>Publications and Marketing Advisor</cntpos>
      <cntaddr>
        <addrtype>mailing and physical</addrtype>
        <address>Alberta Energy Regulator</address>
        <address>4th Floor, Twin Atria Building</address>
        <address>4999-98 Avenue NW</address>
        <city>Edmonton</city>
        <state>Alberta</state>
        <postal>T6B 2X3</postal>
        <country>Canada</country>
      </cntaddr>
      <cntvoice>(780) 422-1927</cntvoice>
      <cntfax>(780) 422-1918</cntfax>
      <cntemail>AGS-Info@aer.ca</cntemail>
      <hours>8:00 a.m. to 12:00 p.m. and 1:00 p.m. to 4:30 p.m.</hours>
    </cntinfo>
  </ptcontac>
  <datacred>G.J. Prior and R. Elgr compiled and edited the data for 1 000 000 scale.</datacred>
  <crossref>
    <citeinfo>
      <origin>Alberta Energy Regulator</origin>
      <origin>Alberta Geological Survey</origin>
      <origin>Prior, G.J.</origin>
      <origin>Hathway, B.</origin>
      <origin>Glombick, P.M.</origin>
      <origin>Pana, D.I.</origin>
      <origin>Banks, C.J.</origin>
      <origin>Hay, D.C.</origin>
      <origin>Schneider, C.L.</origin>
      <origin>Grobe, M.</origin>
      <origin>Elgr, R.</origin>
      <origin>Weiss, J.A.</origin>
      <pubdate>20130617</pubdate>
      <title>Bedrock Geology of Alberta</title>
      <geoform>map</geoform>
      <serinfo>
        <sername>Map</sername>
        <issue>MAP 600</issue>
      </serinfo>
      <pubinfo>
        <pubplace>Edmonton, Alberta, Canada</pubplace>
        <publish>Alberta Geological Survey</publish>
      </pubinfo>
      <othercit>Scale 1:1000000, ISBN 978-1-4601-0096-7</othercit>
      <onlink>http://www.ags.gov.ab.ca/publications</onlink>
    </citeinfo>
  </crossref>
  <crossref>
    <citeinfo>
      <origin>Alberta Energy Regulator</origin>
      <origin>Alberta Geological Survey</origin>
      <origin>Prior, G.J.</origin>
      <origin>Hathway, B.</origin>
      <origin>Glombick, P.M.</origin>
      <origin>Pana, D.I.</origin>
      <origin>Banks, C.J.</origin>
      <origin>Hay, D.C.</origin>
      <origin>Schneider, C.L.</origin>
      <origin>Grobe, M.</origin>
      <origin>Elgr, R.</origin>
      <origin>Weiss, J.A.</origin>
      <pubdate>201306</pubdate>
      <title>Bedrock Geology of Alberta (GIS data, polygon features)</title>
      <geoform>vector digital data</geoform>
      <serinfo>
        <sername>Digital Data</sername>
        <issue>DIG 2013-0018</issue>
      </serinfo>
      <pubinfo>
        <pubplace>Edmonton, Alberta, Canada</pubplace>
        <publish>Alberta Geological Survey</publish>
      </pubinfo>
      <onlink>http://www.ags.gov.ab.ca/publications</onlink>
    </citeinfo>
  </crossref>
  <crossref>
    <citeinfo>
      <origin>Alberta Energy Regulator</origin>
      <origin>Alberta Geological Survey</origin>
      <origin>Prior, G.J.</origin>
      <origin>Hathway, B.</origin>
      <origin>Glombick, P.M.</origin>
      <origin>Pana, D.I.</origin>
      <origin>Banks, C.J.</origin>
      <origin>Hay, D.C.</origin>
      <origin>Schneider, C.L.</origin>
      <origin>Grobe, M.</origin>
      <origin>Elgr, R.</origin>
      <origin>Weiss, J.A.</origin>
      <pubdate>201306</pubdate>
      <title>Bedrock Geology of Alberta (GIS data, line features)</title>
      <geoform>vector digital data</geoform>
      <serinfo>
        <sername>Digital Data</sername>
        <issue>DIG 2013-0019</issue>
      </serinfo>
      <pubinfo>
        <pubplace>Edmonton, Alberta, Canada</pubplace>
        <publish>Alberta Geological Survey</publish>
      </pubinfo>
      <onlink>http://www.ags.gov.ab.ca/publications</onlink>
    </citeinfo>
  </crossref>
  <crossref>
    <citeinfo>
      <origin>Alberta Energy Regulator</origin>
      <origin>Alberta Geological Survey</origin>
      <origin>Prior, G.J.</origin>
      <origin>Hathway, B.</origin>
      <origin>Glombick, P.M.</origin>
      <origin>Pana, D.I.</origin>
      <origin>Banks, C.J.</origin>
      <origin>Hay, D.C.</origin>
      <origin>Schneider, C.L.</origin>
      <origin>Grobe, M.</origin>
      <origin>Elgr, R.</origin>
      <origin>Weiss, J.A.</origin>
      <pubdate>201306</pubdate>
      <title>Bedrock Geology of Alberta, Structures (GIS data, polygon features)</title>
      <geoform>vector digital data</geoform>
      <serinfo>
        <sername>Digital Data</sername>
        <issue>DIG 2013-0020</issue>
      </serinfo>
      <pubinfo>
        <pubplace>Edmonton, Alberta, Canada</pubplace>
        <publish>Alberta Geological Survey</publish>
      </pubinfo>
      <onlink>http://www.ags.gov.ab.ca/publications</onlink>
    </citeinfo>
  </crossref>
  <crossref>
    <citeinfo>
      <origin>Alberta Energy Regulator</origin>
      <origin>Alberta Geological Survey</origin>
      <origin>Prior, G.J.</origin>
      <origin>Hathway, B.</origin>
      <origin>Glombick, P.M.</origin>
      <origin>Pana, D.I.</origin>
      <origin>Banks, C.J.</origin>
      <origin>Hay, D.C.</origin>
      <origin>Schneider, C.L.</origin>
      <origin>Grobe, M.</origin>
      <origin>Elgr, R.</origin>
      <origin>Weiss, J.A.</origin>
      <pubdate>201306</pubdate>
      <title>Bedrock Geology of Alberta, Meteorite Impact Structures (GIS data, polygon features)</title>
      <geoform>vector digital data</geoform>
      <serinfo>
        <sername>Digital Data</sername>
        <issue>DIG 2013-0022</issue>
      </serinfo>
      <pubinfo>
        <pubplace>Edmonton, Alberta, Canada</pubplace>
        <publish>Alberta Geological Survey</publish>
      </pubinfo>
      <onlink>http://www.ags.gov.ab.ca/publications</onlink>
    </citeinfo>
  </crossref>
</idinfo>
<dataqual>
  <logic>This is not a topologically correct dataset. An effort was made to manually eliminate any existing gaps or overlaps between separately mapped areas and to edge-match adjacent lines between the source datasets. The level of detail varies across the dataset depending on the detail and scale of the source data used for Alberta Geological Survey Map 600.</logic>
  <complete>This dataset covers the Canadian Shield and the Alberta Rocky Mountains and Foothills.</complete>
  <posacc>
    <horizpa>
      <horizpar>We estimate the positional accuracy of the dataset to be better than +/- 2000 m.</horizpar>
    </horizpa>
  </posacc>
  <lineage>
    <procstep>
      <procdesc>To produce this dataset we combined digital versions of 117 existing and several newly mapped areas into an Alberta-wide GIS dataset. We processed the data as follows:
1. Collected and assessed input data. This involved collecting datasets from various sources, assessing quality, and standardizing the attribute table in the ArcGIS environment. When necessary, we corrected datasets that were digitized by third parties. 
2. Created a standard provincial schema to house selected original and new map attributes.
3. Merged input data into one seamless layer, edge-matched the boundaries.
4. Generalized the original line features dataset by selecting only structural elements applicable to the 1 000 000 scale map.</procdesc>
      <procdate>2013</procdate>
    </procstep>
  </lineage>
</dataqual>
<spdoinfo>
  <direct>Vector</direct>
  <ptvctinf>
    <sdtsterm>
      <sdtstype>String</sdtstype>
      <ptvctcnt>943</ptvctcnt>
    </sdtsterm>
  </ptvctinf>
</spdoinfo>
<spref>
  <horizsys>
    <geograph>
      <geogunit>Decimal degrees</geogunit>
      <latres>0.000000</latres>
      <longres>0.000000</longres>
    </geograph>
    <geodetic>
      <horizdn>North American Datum of 1983</horizdn>
      <ellips>Geodetic Reference System 80</ellips>
      <semiaxis>6378137.000000</semiaxis>
      <denflat>298.257222</denflat>
    </geodetic>
  </horizsys>
</spref>
<eainfo>
  <detailed>
    <enttyp>
      <enttypl>bdrk_structures_ln_ll.dbf</enttypl>
      <enttypd>Feature attribute table</enttypd>
      <enttypds>Alberta Geological Survey</enttypds>
    </enttyp>
    <attr>
      <attrlabl>Type</attrlabl>
      <attrdef>Type of structure</attrdef>
      <attrdefs>Alberta Geological Survey</attrdefs>
    </attr>
  </detailed>
</eainfo>
<distinfo>
  <distrib>
    <cntinfo>
      <cntorgp>
        <cntorg>Alberta Geological Survey</cntorg>
        <cntper>Publications and Marketing Advisor</cntper>
      </cntorgp>
      <cntpos>Publications and Marketing Advisor</cntpos>
      <cntaddr>
        <addrtype>mailing and physical</addrtype>
        <address>Alberta Energy Regulator</address>
        <address>4th Floor, Twin Atria Building</address>
        <address>4999-98 Avenue NW</address>
        <city>Edmonton</city>
        <state>Alberta</state>
        <postal>T6B 2X3</postal>
        <country>Canada</country>
      </cntaddr>
      <cntvoice>(780) 422-1927</cntvoice>
      <cntfax>(780) 422-1918</cntfax>
      <cntemail>AGS-Info@aer.ca</cntemail>
      <hours>8:00 a.m. to 12:00 p.m. and 1:00 p.m. to 4:30 p.m.</hours>
    </cntinfo>
  </distrib>
  <distliab>The Alberta Energy Regulator/Alberta Geological Survey (AER/AGS) and its employees and contractors make no warranty, guarantee or representation, express or implied, or assume any legal liability regarding the correctness, accuracy, completeness or reliability of this publication. The data are supplied on the understanding that they are for the sole use of the user and will not be redistributed in any form, in whole or in part, to third parties. Any references to proprietary software in our documentation, and/or any use of proprietary data formats in our releases, do not constitute endorsement by the AER/AGS of any manufacturer&apos;s product.</distliab>
</distinfo>
<metainfo>
  <metd>20130621</metd>
  <metc>
    <cntinfo>
      <cntorgp>
        <cntorg>Alberta Geological Survey</cntorg>
        <cntper>Publications and Marketing Advisor</cntper>
      </cntorgp>
      <cntpos>Publications and Marketing Advisor</cntpos>
      <cntaddr>
        <addrtype>mailing and physical</addrtype>
        <address>Alberta Energy Regulator</address>
        <address>4th Floor, Twin Atria Building</address>
        <address>4999-98 Avenue NW</address>
        <city>Edmonton</city>
        <state>Alberta</state>
        <postal>T6B 2X3</postal>
        <country>Canada</country>
      </cntaddr>
      <cntvoice>(780) 422-1927</cntvoice>
      <cntfax>(780) 422-1918</cntfax>
      <cntemail>AGS-Info@aer.ca</cntemail>
      <hours>8:00 a.m. to 12:00 p.m. and 1:00 p.m. to 4:30 p.m.</hours>
    </cntinfo>
  </metc>
  <metstdn>FGDC Content Standard for Digital Geospatial Metadata</metstdn>
  <metstdv>FGDC-STD-001-1998</metstdv>
  <mettc>local time</mettc>
  <metac>none</metac>
  <metuc>none</metuc>
</metainfo>
</metadata>
